contour_area;contour_perimetr;contour_circularity;aspect_ratio;class;
 24721.0; 597.671137213707; 310653.25; 1.2493656221389384;0;
 24134.5; 622.3990552425385; 303283.07; 1.7010802522340642;0;
 21232.5; 565.4873677492142; 266815.46; 1.2986074814497819;0;0+E5:E45
 13093.0; 447.9898952245712; 164531.49; 1.647060006884497;0;
 18661.5; 521.8305140733719; 234507.33; 1.0501091762543586;0;
 24377.5; 622.1391727924347; 306336.7; 1.5372636124842505;0;
 28899.5; 660.4579302072525; 363161.83; 1.3139715784354624;0;
 23010.5; 581.0264736413956; 289158.47; 1.2851687478184948;0;
 69357.0; 1401.900704741478; 871565.77; 1.0136894371063905;0;
 59489.0; 1413.2732886075974; 747560.82; 1.0058456621234841;0;
 37175.0; 733.2691149711609; 467154.83; 1.202200109161198;0;
 55773.0; 1268.1362047195435; 700864.19; 1.0917961289478002;0;
 55532.5; 1378.9473868608475; 697841.98; 1.0584563348272904;0;
 53340.5; 1484.0844700336456; 670296.49; 1.082810787384436;0;
 58090.5; 1273.6336801052094; 729986.75; 1.0121657661694194;0;
 55343.0; 897.3178825378418; 695460.65; 1.3450077206156732;0;
 58563.5; 927.8204101324081; 735930.65; 1.2805704680131462;0;
 68778.5; 1001.1341166496277; 864296.12; 1.0658138090911284;0;
 63291.5; 953.1341199874878; 795344.45; 1.088987482465969;0;
 48735.0; 854.0041779279709; 612422.07; 1.0615485910229563;0;
 57392.5; 920.7665915489197; 721215.43; 1.1781915417361342;0;
 58966.0; 928.7493469715118; 740988.61; 1.0833286987002484;0;
 47659.0; 844.4650728702545; 598900.66; 1.3736348488564245;0;
 42735.0; 791.2102429866791; 537023.85; 1.217977298452235;0;
 41743.0; 1275.7930603027344; 524558.01; 1.297917580702896;0;
 44368.0; 1019.3422684669495; 557544.73; 1.3943005019132073;0;
 40501.5; 762.742201924324; 508956.86; 1.1337043724328868;0;
 47072.0; 826.1219259500504; 591524.2; 1.1554037265919779;0;
 39287.5; 1157.6092940568924; 493701.29; 1.112331913069072;0;
 23877.0; 579.3279874324799; 300047.23; 1.2157456542601153;0;
 79247.5; 1078.3889523744583; 995853.46; 1.2296900351732611;0;
 51236.0; 875.2935026884079; 643850.56; 1.3794901828715451;0;
 51582.0; 868.8670928478241; 648198.53; 1.1430175737499504;0;
 53091.0; 873.1513645648956; 667161.18; 1.1792545857446906;0;
 28456.0; 668.2985509634018; 357588.64; 1.5727970268519502;0;
 94966.5; 2069.7556046247482; 1193384.23; 1.2077566257128505;0;
 49940.0; 1386.7880074977875; 627564.55; 1.2291862698071525;0;
 48761.0; 846.4061937332153; 612748.8; 1.0629433937314885;0;
 47501.0; 821.4356365203857; 596915.17; 1.1202197269250913;0;
 47192.0; 834.9259701967239; 593032.16; 1.083822832317842;0;
 42212.0; 1291.047892689705; 530451.64; 1.0703583872539795;0;
 49216.0; 846.0041736364365; 618466.5; 1.1396196688640572;0;
 53359.5; 882.9087229967117; 670535.25; 1.162299894899982;0;
 52369.5; 871.0264760255814; 658094.55; 1.0930818423833477;0;
 54942.5; 1485.5403137207031; 690427.82; 1.0748352290859733;0;
 53063.5; 1491.2560428380966; 666815.61; 1.1529338558258606;0;
 46270.0; 814.2396754026413; 581445.97; 1.0642292228114196;0;
 38955.5; 1034.0113153457642; 489529.25; 1.1427088763185655;0;
 43972.5; 1400.2854801416397; 552574.73; 1.112832749527756;0;
 51683.0; 859.0924916267395; 649467.73; 1.1674902525606048;0;
 39644.5; 1466.4864917993546; 498187.48; 1.1836625137427683;0;
 53729.0; 869.837655544281; 675178.53; 1.2297467914926;0;
 44861.5; 807.192990064621; 563746.24; 1.1399534096633575;0;
 46642.5; 819.8792858123779; 586126.94; 1.1497619062443032;0;
 50449.5; 849.5361413955688; 633967.11; 1.0747117457080142;0;
 48650.0; 833.494509100914; 611353.93; 1.1202051946098652;0;
 70049.0; 1017.3178803920746; 880261.7; 1.298699033274962;0;
 54900.5; 894.2813069820404; 689900.03; 1.2072320743810103;0;
 112487.5; 1302.354465842247; 1413559.61; 1.4142557924249013;0;
 97344.0; 2115.9048796892166; 1223260.78; 1.1986822471492133;0;
 51486.0; 1289.6753091812134; 646992.16; 1.1593939789155567;0;
 49222.5; 851.477266907692; 618548.18; 1.2578271814147608;0;
 52097.0; 854.80821621418; 654670.21; 1.091049094427085;0;
 51019.0; 872.9503560066223; 641123.66; 1.2006555496160316;0;
 41085.0; 770.5239472389221; 516289.34; 1.1956694866249062;0;
 55158.0; 899.0924857854843; 693135.87; 1.147302939657836;0;
 53334.0; 880.180804848671; 670214.81; 1.0696202337807257;0;
 55431.0; 1536.410371541977; 696566.49; 1.073137728895024;0;
 57900.5; 1344.2022199630737; 727599.14; 1.125831304672229;0;
 44615.0; 809.7199088335037; 560648.62; 1.1039764399033598;0;
 42829.0; 1110.3372175693512; 538205.09; 1.1462991448378224;0;
 44512.5; 1433.633679509163; 559360.57; 1.081866600047165;0;
 52149.0; 869.4356361627579; 655323.66; 1.2131082108071474;0;
 47729.0; 1641.724079489708; 599780.3; 1.2425611378843993;0;
 59959.0; 1409.2732874155045; 753467.02; 1.096630500576754;0;
 45441.0; 805.577768445015; 571028.45; 1.0808130103058864;0;
 46089.0; 816.749346613884; 579171.46; 1.3075287331631948;0;
 54486.0; 898.6660811901093; 684691.27; 1.0326335661497728;0;
 50122.0; 835.0924867391586; 629851.63; 1.0777739533509174;0;
 56474.0; 1204.420476436615; 709673.21; 1.108222245798964;0;
 45664.5; 813.1929938793182; 573837.03; 1.2508456205266207;0;
 49864.0; 844.5828231573105; 626609.5; 1.075598202997988;0;
 47996.5; 847.7371500730515; 603141.81; 1.1098392402479342;0;
 56102.0; 895.8620408773422; 704998.52; 1.1106180310443263;0;
 47999.0; 1157.3666529655457; 603173.22; 1.0411361599654363;0;
 40381.0; 754.7249599695206; 507442.61; 1.0886847310110055;0;
 38030.0; 1145.2245180606842; 477899.07; 1.0956086053516032;0;
 48078.5; 835.9381623268127; 604172.25; 1.1503368868267925;0;
 35918.0; 730.7249573469162; 451358.9; 1.3250656382910044;0;
 46679.0; 1352.6458718776703; 586585.61; 1.1664351517144123;0;
 53697.0; 879.2102388143539; 674776.4; 1.0421327755731453;0;
 42456.0; 781.6122608184814; 533517.83; 1.188890890183143;0;
 51390.5; 854.163555264473; 645792.07; 1.0790018617893453;0;
 54120.0; 880.3473219871521; 680091.98; 1.2410026345587934;0;
 49628.0; 844.0630575418472; 623643.84; 1.133268664364441;0;
 49419.5; 1349.006262421608; 621023.75; 1.1179800626589758;0;
 41598.5; 1307.0895216464996; 522742.17; 1.212731253649812;0;
 47933.5; 829.6538883447647; 602350.13; 1.1584583443268863;0;
 38089.5; 748.6833304166794; 478646.77; 1.1042295793547843;0;
 63905.0; 1109.3666523694992; 803053.91; 1.0318961272247267;0;
 53296.0; 1028.45496571064; 669737.29; 1.0219832759172758;0;
 44335.5; 860.2468152046204; 557136.32; 1.0475184973053413;0;
 65542.5; 1090.6976066827774; 823631.35; 1.0851837426112916;0;
 3862.5; 254.2670260667801; 48537.61; 1.8823333243215004;1;
 7158.0; 331.2203435897827; 89950.08; 1.3677721524344792;1;
 8603.5; 381.6051186323166; 108114.77; 1.6473515315582392;1;
 2267.0; 182.3675308227539; 28487.96; 1.1811421642804278;1;
 2442.0; 194.0243854522705; 30687.08; 1.2622005385384738;1;
 3966.0; 238.9949471950531; 49838.23; 1.239073190466558;1;
 9725.5; 406.1492751836777; 122214.24; 1.9343560220785843;1;
 12504.5; 439.889390707016; 157136.18; 1.4755856692923397;1;
 4564.0; 267.1370824575424; 57352.92; 1.4277101638164114;1;
 4329.5; 261.37972366809845; 54406.1; 1.5997541647966669;1;
 8632.0; 361.22034335136414; 108472.91; 1.2596453848596867;1;
 3194.5; 218.2670259475708; 40143.27; 1.1238345159366645;1;
 4324.0; 264.65180230140686; 54336.99; 1.787633562943339;1;
 1987.0; 172.22539508342743; 24969.38; 1.2659885063163065;1;
 6707.0; 318.39191579818726; 84282.65; 1.346492128094574;1;
 8773.5; 368.4924213886261; 110251.05; 1.4990749841518263;1;
 10498.0; 425.16146898269653; 131921.76; 1.9305625408985483;1;
 1854.0; 168.2253954410553; 23298.05; 1.4022966786306785;1;
 4494.0; 260.65180146694183; 56473.27; 1.045274915387366;1;
 3071.0; 223.82337391376495; 38591.32; 1.3948186672997551;1;
 2907.0; 207.68123924732208; 36530.44; 1.4217128720118541;1;
 2224.0; 188.22539579868317; 27947.61; 1.5749028583718707;1;
 2209.5; 183.49747371673584; 27765.4; 1.4270493948595697;1;
 2387.5; 186.12489008903503; 30002.21; 1.0750053548257295;1;
 2175.0; 179.53910338878632; 27331.86; 1.1286714781447527;1;
 2343.0; 191.8822501897812; 29443.01; 1.6763021531841142;1;
 3025.0; 209.33809340000153; 38013.27; 1.3482343572196331;1;
 2166.0; 180.56854164600372; 27218.76; 1.1060562277762525;1;
 2186.0; 181.74011421203613; 27470.09; 1.4723414053531416;1;
 1958.0; 178.22539520263672; 24604.95; 1.4854350641555127;1;
 2915.5; 218.06601548194885; 36637.25; 1.5217968468396077;1;
 3450.0; 236.50966656208038; 43353.98; 1.7071481978368837;1;
 1797.0; 171.39696848392487; 22581.77; 1.5087231173791151;1;
 2286.0; 190.02438533306122; 28726.72; 1.6322815473633685;1;
 3464.0; 227.1959571838379; 43529.91; 1.3892393702123964;1;
 2544.0; 193.05382299423218; 31968.85; 1.437101293852525;1;
 1910.0; 169.74011480808258; 24001.77; 1.2508170753714434;1;
 5845.0; 321.1370828151703; 73450.44; 1.8569313430480892;1;
 5959.5; 297.5218588113785; 74889.29; 1.2968048378334456;1;
 3113.0; 212.85281205177307; 39119.11; 1.176393904500018;1;
 3751.0; 245.13708329200745; 47136.46; 1.4220910469120784;1;
 3004.0; 210.02438461780548; 37749.38; 1.1896991890045976;1;
 2458.0; 197.53910338878632; 30888.14; 1.748171261759622;1;
 3564.0; 238.9949471950531; 44786.54; 1.1921019278152372;1;
 3884.0; 236.65180337429047; 48807.78; 1.2629486905325065;1;
 3659.0; 247.68123960494995; 45980.35; 1.9159411762466387;1;
 2856.5; 204.95331728458405; 35895.84; 1.1899158118990967;1;
 2009.0; 175.88224959373474; 25245.84; 1.2252550840305383;1;
 2965.5; 211.5807341337204; 37265.57; 1.4194961815947087;1;
 3798.0; 239.2792180776596; 47727.08; 1.3975932208041242;1;
 2105.5; 179.9827550649643; 26458.49; 1.370133510413151;1;
 3563.0; 228.1665209531784; 44773.98; 1.0886686918666906;1;
 2312.0; 187.68123996257782; 29053.45; 1.285845939284352;1;
 4403.0; 261.82337498664856; 55329.73; 1.250313594509903;1;
 3946.0; 241.82337594032288; 49586.9; 1.1917039496895012;1;
 6647.0; 317.8233757019043; 83528.67; 1.4728504517615766;1;
 5544.5; 288.26702630519867; 69674.24; 1.4530628360278532;1;
 2731.5; 199.29646348953247; 34325.04; 1.0698252355189986;1;
 1955.0; 174.22539567947388; 24567.25; 1.134834423588423;1;
 1836.0; 163.39696776866913; 23071.86; 1.1119552169352231;1;
 3135.0; 212.36753046512604; 39395.57; 1.0935885355578554;1;
 2359.5; 187.2964632511139; 29650.35; 1.1603354540607362;1;
 4180.0; 247.3969690799713; 52527.43; 1.0127600435283797;1;
 2640.5; 195.0954531431198; 33181.5; 1.178157625031945;1;
 2819.0; 222.6518018245697; 35424.6; 1.6742411856405797;1;
 3164.0; 224.65180146694183; 39760.0; 1.6253777757978087;1;
 3231.5; 231.4385987520218; 40608.23; 1.9206254065795694;1;
 2898.5; 207.2375876903534; 36423.63; 1.3160148130030498;1;
 2053.0; 172.50966656208038; 25798.76; 1.1148815281256288;1;
 2126.0; 174.02438497543335; 26716.1; 1.0711750403026732;1;
 4736.5; 264.7523069381714; 59520.61; 1.3510609777244793;1;
 2737.5; 205.92388021945953; 34400.44; 1.396511680261469;1;
 5292.0; 286.7939374446869; 66501.23; 1.3851244827012203;1;
 3173.5; 215.09545254707336; 39879.38; 1.1939015709970808;1;
 3668.0; 231.68123972415924; 46093.45; 1.2100112065022268;1;
 4408.5; 259.8650051355362; 55398.84; 1.5809654857716908;1;
 3435.0; 226.16652011871338; 43165.48; 1.313480116739035;1;
 5362.5; 296.35028648376465; 67387.16; 1.7195652160735728;1;
 2050.5; 175.29646348953247; 25767.34; 1.4901907368738365;1;
 1934.0; 167.88224959373474; 24303.36; 1.039939457952376;1;
 4612.0; 277.96551072597504; 57956.1; 1.8674662227523229;1;
 2572.0; 194.16652083396912; 32320.71; 1.206904616803167;1;
 9085.5; 363.2619740962982; 114171.76; 1.1574646512317959;1;
 3666.0; 233.6812391281128; 46068.31; 1.1623700786267994;1;
 6233.0; 321.7644990682602; 78326.19; 1.7798478025467848;1;
 7051.0; 346.73506224155426; 88605.48; 1.6991555629035056;1;
 2764.5; 217.92388081550598; 34739.73; 1.982931747098577;1;
 2145.0; 175.0538227558136; 26954.86; 1.0225547343766594;1;
 2452.0; 189.53910410404205; 30812.74; 1.1140580208183537;1;
 2644.0; 198.02438473701477; 33225.48; 1.278486169186842;1;
 3303.0; 224.16652083396912; 41506.72; 1.3147077293195237;1;
 1975.0; 173.0538228750229; 24818.58; 1.188044104382847;1;
 6058.0; 294.30865502357483; 76127.07; 1.0602679125259005;1;
 7462.0; 371.7644991874695; 93770.26; 2.3870716794270663;1;
 6385.0; 329.62236392498016; 80236.28; 1.8753562156487034;1;
 1472.0; 149.88224983215332; 18497.7; 1.1248103445893813;1;
 5101.0; 275.48022878170013; 64101.06; 1.400449857830782;1;
 4658.5; 258.69343090057373; 58540.44; 1.2322968568445547;1;
 10127.0; 381.22034442424774; 127259.64; 1.0948548288535163;1;
 12291.0; 453.102592587471; 154453.26; 1.9781817602741472;1;
 2151.5; 186.81118190288544; 27036.55; 1.5807040122266527;1;
 2471.0; 193.53910374641418; 31051.5; 1.502609070319692;1;
 12421.5; 476.2325350046158; 156093.17; 2.160729650903894;1;
 2746.0; 197.53910386562347; 34507.25; 1.0835747645682852;1;
 6021.0; 308.79393768310547; 75662.12; 1.6494164696039708;1;
 7738.5; 348.35028624534607; 97244.86; 1.1401081918802471;1;
 7363.5; 387.60511910915375; 92532.47; 2.603525247751111;1;
 9234.5; 412.5756837129593; 116044.15; 2.251888356893468;1;
 9185.0; 398.6761871576309; 115422.11; 1.8677122822737637;1;
 1459.0; 153.7401144504547; 18334.33; 1.24014784212573;1;
 2228.0; 182.02438497543335; 27997.87; 1.2054824902808372;1;
 3671.0; 236.3675309419632; 46131.15; 1.5864467561543751;1;
 8609.5; 375.2619740962982; 108190.17; 1.6318946332917492;1;
 1255.0; 139.88224935531616; 15770.8; 1.397382218933855;1;
 2357.0; 198.7106763124466; 29618.94; 1.8139648871216925;1;
 3954.0; 245.53910374641418; 49687.43; 1.250374373316588;1;
 6865.5; 326.8355668783188; 86274.42; 1.3286667284159874;1;
 11892.0; 447.161469578743; 149439.28; 1.7707087671990924;1;
 3621.0; 251.48022854328156; 45502.83; 1.930984768889716;1;
 2560.0; 199.6812390089035; 32169.91; 1.3256447013067922;1;
 11671.5; 431.60511803627014; 146668.39; 1.477870354183291;1;
 4744.0; 280.6518015861511; 59614.86; 1.6398990239079332;1;
 2751.0; 202.50966691970825; 34570.09; 1.0244551321267337;1;
 2036.0; 173.53910422325134; 25585.13; 1.076677042475591;1;
 9660.5; 390.6345571279526; 121397.42; 1.6069053427182705;1;
 3324.0; 223.6812391281128; 41770.62; 1.3836833875157273;1;
 17076.0; 535.5290006399155; 214583.34; 1.941573709129101;1;
 12137.0; 456.13203144073486; 152518.04; 2.0219964975068265;1;
 1986.0; 170.22539579868317; 24956.81; 1.2629895959903523;1;
 9588.0; 392.53405237197876; 120486.36; 1.6980553988152922;1;
 9237.0; 392.04877066612244; 116075.57; 1.7004154880241609;1;
 8621.0; 363.48022842407227; 108334.68; 1.1762891881921964;1;
 4531.0; 261.96550965309143; 56938.23; 1.581649725472697;1;
 4106.5; 246.89444231987; 51603.8; 1.2415843014282337;1;
 3658.0; 234.0243856906891; 45967.78; 1.2221744442075178;1;
 1649.5; 155.98275530338287; 20728.23; 1.0928652060746902;1;
 12705.0; 458.7594473361969; 159655.74; 1.5258461449503218;1;
 11825.0; 434.87719678878784; 148597.33; 1.7210749481965626;1;
 2869.0; 214.9949471950531; 36052.92; 1.5362572230959772;1;
 6135.0; 306.59292685985565; 77094.68; 1.4866577157906011;1;
 9262.0; 386.39191687107086; 116389.72; 1.4496491691702134;1;
 4580.0; 265.137083530426; 57553.98; 1.2957178043596205;1;
 4513.0; 260.651802778244; 56712.03; 1.3139096105579824;1;
 4455.0; 261.4213545322418; 55983.18; 1.3589037079947535;1;
 7011.0; 322.5929266214371; 88102.82; 1.218511897281668;1;
 4674.5; 264.75230729579926; 58741.5; 1.2660602034589734;1;
 6107.0; 304.4507910013199; 76742.83; 1.3147573554811407;1;
 1641.0; 156.56854128837585; 20621.41; 1.2454848442553415;1;
 5061.0; 306.10764491558075; 63598.4; 2.202730727632437;1;
 2552.0; 196.3675309419632; 32069.38; 1.0915547862523358;1;
 2768.5; 200.61017155647278; 34790.0; 1.0291938617842065;1;
 7708.0; 339.2792181968689; 96861.58; 1.2851223583463036;1;
 5143.5; 273.5218597650528; 64635.13; 1.2693585865638992;1;
 7606.5; 372.9777030944824; 95586.1; 2.058261442290868;1;
 9774.5; 411.20309805870056; 122829.99; 1.8810408545425517;1;
 2249.0; 209.88225042819977; 28261.77; 2.278983899048345;1;
 4834.0; 337.1370836496353; 60745.84; 3.2460561042504055;1;
 3784.5; 280.7523069381714; 47557.43; 2.8633921828388664;1;
 2066.5; 180.95331752300262; 25968.4; 1.6018792063228848;1;
 2817.5; 216.61017227172852; 35405.75; 1.667135184987053;1;
 1855.0; 175.3969691991806; 23310.62; 1.5548566716448633;1;
 3005.0; 234.308655500412; 37761.94; 1.9756317541218937;1;
 1606.5; 153.63960886001587; 20187.87; 1.3449758335568325;1;
 3483.0; 238.0243856906891; 43768.67; 1.7657881482762758;1;
 7914.0; 374.6761865615845; 99450.26; 2.070975816527759;1;
 3735.0; 232.79393696784973; 46935.39; 1.0634733325520687;1;
 3618.5; 241.23758804798126; 45471.41; 1.5796244399476864;1;
 9301.0; 388.93607246875763; 116879.81; 1.7207551367755576;1;
 10058.5; 400.63455629348755; 126398.84; 1.80155404190216;1;
 8427.5; 364.2914117574692; 105903.09; 1.4374202266133138;1;
 15204.0; 475.16146862506866; 191059.1; 1.1455237129268492;1;
 10983.0; 408.13203036785126; 138016.45; 1.3132504949897978;1;
 5760.5; 294.4091601371765; 72388.58; 1.5041272779571149;1;
 4228.0; 249.3380926847458; 53130.61; 1.2740225838940562;1;
 2566.0; 197.33809423446655; 32245.31; 1.3648522161079992;1;
 3644.5; 236.95331799983978; 45798.14; 1.5883570865541836;1;
 2784.0; 206.50966703891754; 34984.78; 1.4510631033501475;1;
 4223.5; 256.06601548194885; 53074.07; 1.048652537650647;1;
 12410.5; 480.7178180217743; 155954.94; 2.3807853366056455;1;
 3874.5; 245.43859910964966; 48688.4; 1.368254364499459;1;
 3440.0; 227.48022842407227; 43228.31; 1.0804322973639942;1;
 4593.0; 285.33809316158295; 57717.34; 1.7712277658556368;1;
 4853.0; 280.3675305843353; 60984.6; 1.4646440000875691;1;
 6416.0; 313.3380934000015; 80625.83; 1.3544885197956242;1;
 4196.5; 256.46803629398346; 52734.77; 1.2317467603887011;1;
 9650.0; 406.6761871576309; 121265.48; 1.8666854322638042;1;
 5860.0; 298.3086568117142; 73638.93; 1.017787177282881;1;
 7002.5; 329.32084798812866; 87996.01; 1.4627332483401494;1;
 2286.5; 185.6396086215973; 28733.01; 1.3053192845626007;1;
 7121.0; 336.7939375638962; 89485.13; 1.2346022922955993;1;
 11456.0; 435.3624801635742; 143960.34; 1.5547645581926122;1;
 12994.0; 441.4213539361954; 163287.42; 1.4281222009886971;1;
 5113.0; 278.30865585803986; 64251.85; 1.5273296227213777;1;
 3963.0; 248.4507920742035; 49800.53; 1.2365978867044989;1;
 19967.0; 594.0731542110443; 250912.72; 1.7147786690591733;1;
 4117.0; 263.2792184352875; 51735.75; 1.8256622646975966;1;
 3887.0; 238.50966668128967; 48845.48; 1.1506361182055698;1;
 3905.0; 246.02438580989838; 49071.68; 1.354839521904937;1;
 5783.5; 298.40916085243225; 72677.6; 1.3777098425483785;1;
 9658.0; 388.93607211112976; 121366.01; 1.4954232263964409;1;
 2916.0; 211.1959583759308; 36643.54; 1.462983478687695;1;
 2570.5; 207.4385985136032; 32301.86; 1.489467091652352;1;
 3715.0; 231.88224947452545; 46684.07; 1.313659643031016;1;
 3540.5; 233.2375888824463; 44491.24; 1.2005847618590555;1;
 3327.5; 224.2670258283615; 41814.6; 1.2577993522424158;1;
 2591.0; 199.19595789909363; 32559.47; 1.3141636150491518;1;
 2851.0; 203.88224983215332; 35826.72; 1.120656996871688;1;
 2730.0; 200.85281217098236; 34306.19; 1.3724572868537595;1;
 3979.5; 256.06601548194885; 50007.87; 1.491053080323574;1;
 2465.5; 194.81118202209473; 30982.39; 1.3474128431692929;1;
 4071.0; 245.27921843528748; 51157.69; 1.4208865686787389;1;
 5387.0; 286.79393768310547; 67695.04; 1.2613105098283623;1;
 2161.5; 179.78174448013306; 27162.21; 1.2371791320432264;1;
 6013.5; 321.3208488225937; 75567.87; 1.9193648800237153;1;
 3748.5; 258.6934324502945; 47105.04; 2.0759640366933216;1;
 5585.0; 295.6223638057709; 70183.18; 1.3808883287104132;1;
 4811.5; 282.69343280792236; 60463.09; 1.694363726936574;1;
 5463.0; 282.3086556196213; 68650.08; 1.2302930240682373;1;
 6269.0; 311.96550941467285; 78778.58; 1.3799814937715975;1;
 3435.0; 221.33809435367584; 43165.48; 1.2200564174019217;1;
 5349.0; 301.82337379455566; 67217.52; 1.9918016048191745;1;
 5394.0; 280.16652035713196; 67783.0; 1.2419662504022464;1;
 4540.0; 283.90663516521454; 57051.32; 2.163673040555971;1;
 2166.0; 178.56854164600372; 27218.76; 1.055026001810005;1;
 1841.5; 168.61017203330994; 23140.97; 1.3086365094687011;1;
 2347.0; 192.36753118038177; 29493.27; 1.22458401849019;1;
 3782.5; 243.58073377609253; 47532.3; 1.5799450440264127;1;
 4944.5; 299.66399478912354; 62134.42; 1.9223268618301153;1;
 1852.0; 162.71067667007446; 23272.92; 1.1120770223451568;1;
 1637.0; 159.19595777988434; 20571.15; 1.376111160489553;1;
 8019.0; 425.98989593982697; 100769.73; 2.6123101237784736;1;
 3802.0; 254.30865573883057; 47777.34; 1.8025753837195282;1;
 1536.5; 156.32590067386627; 19308.23; 1.2909401439040036;1;
 4483.5; 261.92388010025024; 56341.32; 1.1999363483702823;1;
 2913.5; 207.58073329925537; 36612.12; 1.2678160909049614;1;
 1752.0; 163.1959583759308; 22016.28; 1.1208235174895917;1;
 1654.0; 161.53910386562347; 20784.78; 1.3546039348399133;1;
 1648.5; 158.61017155647278; 20715.66; 1.5639328073584933;1;
 3700.5; 243.5807341337204; 46501.85; 1.6497004960778967;1;
 1565.5; 153.98275542259216; 19672.65; 1.2521446424150942;1;
 3468.5; 228.4680359363556; 43586.46; 1.1873158647529656;1;
 3179.0; 218.50966608524323; 39948.49; 1.2331618298325044;1;
 2730.5; 201.92388021945953; 34312.47; 1.2388942088932648;1;
 3315.0; 218.0243856906891; 41657.52; 1.2163005084228775;1;
 2062.0; 193.33809340000153; 25911.86; 2.138148361078016;1;
 1290.5; 147.982754945755; 16216.9; 1.664535706879575;1;
 4632.0; 262.30865705013275; 58207.43; 1.1514416121206272;1;
 2530.5; 200.409161567688; 31799.2; 1.5347994767225328;1;
 5655.5; 339.2375878095627; 71069.11; 2.956691019614281;1;
 2235.5; 186.26702570915222; 28092.12; 1.4896927641444266;1;
 1181.0; 131.59797883033752; 14840.88; 1.115799721982256;1;
 3199.5; 222.61017155647278; 40206.1; 1.1481770466566699;1;
 2528.5; 200.46803617477417; 31774.07; 1.4515088785448476;1;
 1582.0; 155.0538227558136; 19880.0; 1.3110203663559883;1;
 1368.5; 146.46803641319275; 17197.08; 1.3288560854947455;1;
 1724.5; 166.9533166885376; 21670.71; 1.7730064089029034;1;
 1623.0; 163.53910493850708; 20395.22; 1.4653278425660345;1;
 1392.5; 148.81118214130402; 17498.67; 1.5653726089694797;1;
 2098.0; 179.39696848392487; 26364.25; 1.4200737828267467;1;
 1296.0; 139.39696836471558; 16286.02; 1.2112498804810166;1;
 3617.5; 244.89444184303284; 45458.85; 1.8184834342442853;1;
 1738.0; 163.05382227897644; 21840.35; 1.3117534024282476;1;
 3324.0; 222.0243856906891; 41770.62; 1.3506149567748302;1;
 2143.5; 177.6396096944809; 26936.02; 1.3916351171608237;1;
 4850.5; 296.97770273685455; 60953.18; 2.0368333359780384;1;
 2347.0; 184.85281240940094; 29493.27; 1.253267680089687;1;
 2951.5; 210.26702547073364; 37089.64; 1.259621825675489;1;
 3341.0; 223.68123936653137; 41984.24; 1.2383985656341066;1;
 1655.5; 157.15432822704315; 20803.63; 1.3230492817028088;1;
 2782.0; 212.36753058433533; 34959.64; 1.5723643883443081;1;
 2055.0; 188.36753118038177; 25823.89; 1.9369548105935606;1;
 1489.5; 148.8111822605133; 18717.61; 1.1710127684125982;1;
 2130.0; 178.36753046512604; 26766.37; 1.3902314257901642;1;
 2014.0; 175.68123972415924; 25308.67; 1.380885656931145;1;
 2995.5; 217.9238796234131; 37642.56; 1.4906084178312726;1;
 2387.0; 190.99494814872742; 29995.93; 1.5466020306827055;1;
 3284.0; 216.85281240940094; 41267.96; 1.0928345234278891;1;
 1134.0; 130.56854164600372; 14250.26; 1.2009601560072005;1;
 2811.0; 203.19595801830292; 35324.07; 1.3671075623576836;1;
 3401.5; 232.40916109085083; 42744.51; 1.5724596415823016;1;
 2519.5; 198.61017167568207; 31660.97; 1.3505648037753852;1;
 6147.5; 306.6934325695038; 77251.76; 1.3689990218324406;1;
 4555.5; 267.7228693962097; 57246.1; 1.6385826020566283;1;
 2517.5; 208.89444291591644; 31635.84; 1.8576274507936033;1;
 5380.0; 337.9655100107193; 67607.07; 2.8396957129372438;1;
 2539.0; 191.53910410404205; 31906.01; 1.1279865955959578;1;
 1885.5; 169.2964630126953; 23693.89; 1.1160941250908696;1;
 4204.5; 261.03657817840576; 52835.31; 1.469088956259315;1;
 4545.0; 268.16652023792267; 57114.15; 1.595950187128195;1;
 3574.5; 237.9238795042038; 44918.49; 1.3788242944800653;1;
 2959.5; 212.0660161972046; 37190.17; 1.1885977093710105;1;
 4571.0; 267.48022866249084; 57440.88; 1.567017046485574;1;
 1843.0; 168.71067678928375; 23159.82; 1.050356608258557;1;
 1796.0; 164.85281217098236; 22569.2; 1.1776861552874216;1;
 1541.5; 156.66904652118683; 19371.06; 1.255382472612286;1;
 4290.0; 269.42135298252106; 53909.73; 1.881200491871875;1;
 2889.0; 207.68123936653137; 36304.24; 1.1658059434845687;1;
 2232.0; 181.19595849514008; 28048.14; 1.0964121517235121;1;
 1872.0; 167.88224983215332; 23524.25; 1.1801515573466685;1;
 1803.0; 161.53910386562347; 22657.17; 1.0880943809775356;1;
 51329.0; 1313.6753084659576; 645019.24; 1.689200047332438;2;
 36473.0; 984.3717051744461; 458333.24; 1.4720726432848243;2;
 67593.0; 1378.503735780716; 849398.69; 1.3959199439991599;2;
 53850.5; 1222.5209807157516; 676705.34; 1.4803566712288094;2;
 65974.0; 1020.6072069406509; 829053.73; 1.6108103075712623;2;
 29006.0; 957.4011437892914; 364500.15; 1.556668291971534;2;
 50244.0; 865.6366460323334; 631384.73; 1.2299719978027872;2;
 56133.0; 909.0681049823761; 705388.08; 1.376099502886251;2;
 41924.5; 922.8153564929962; 526838.8; 1.2994734181211978;2;
 48058.0; 1344.278340935707; 603914.64; 1.5412106634686957;2;
 62447.5; 1486.6286259889603; 784738.43; 1.5902713485670923;2;
 28336.5; 969.8447947502136; 356086.96; 1.5611795706042577;2;
 53107.5; 1284.6631164550781; 667368.53; 1.2048553295082858;2;
 33318.0; 896.5727162361145; 418686.34; 1.8871575303378125;2;
 56751.0; 1222.1362050771713; 713154.1; 1.5223274375890417;2;
 72464.5; 1047.7615349292755; 910615.76; 1.448622803766206;2;
 26203.5; 665.0264718532562; 329282.89; 1.7396829302398988;2;
 30803.5; 805.7615342140198; 387088.2; 1.4605229712134424;2;
 31623.5; 703.1097322702408; 397392.62; 1.2244341185880885;2;
 35477.0; 816.2051852941513; 445817.13; 1.177749479499623;2;
 34609.5; 716.2813078165054; 434915.8; 1.2843459380674416;2;
 34187.0; 728.5239485502243; 429606.51; 1.5154711551241438;2;
 51072.5; 1387.716939330101; 641795.96; 1.3977449230560093;2;
 32723.0; 839.3178831338882; 411209.35; 1.1534740765902087;2;
 17274.0; 755.9209145307541; 217071.49; 1.06174193335742;2;
 18521.0; 635.6955187320709; 232741.75; 1.0317380801892087;2;
 47978.0; 1460.4448606967926; 602909.33; 1.5283798072178694;2;
 35130.0; 1039.8864248991013; 441456.6; 1.1937209291682367;2;
 38155.0; 960.631591796875; 479469.87; 1.3350539004840924;2;
 40607.0; 810.8183205127716; 510282.61; 1.4537201173316516;2;
 34133.0; 710.2396783828735; 428927.93; 1.1337289596185627;2;
 22523.5; 684.2224298715591; 283038.65; 1.1270534349957813;2;
 19294.0; 685.6366436481476; 242455.55; 1.1526502451111142;2;
 31904.5; 926.673221707344; 400923.77; 1.367200718033606;2;
 39230.0; 1130.3960908651352; 492978.72; 1.3009732859959524;2;
 27764.0; 794.2051850557327; 348892.71; 1.5425992673554223;2;
 36606.0; 881.6610289812088; 460004.56; 1.0498100108207729;2;
 36591.5; 1100.0113151073456; 459822.35; 1.3839422758343451;2;
 49010.5; 1072.0945754051208; 615884.11; 1.1839322540123718;2;
 43299.0; 949.8864237070084; 544111.28; 1.1553437433517466;2;
 37674.5; 856.9331072568893; 473431.73; 1.4277634920826299;2;
 68681.0; 1016.5483347177505; 863070.9; 1.0739497517820569;2;
 28996.5; 790.1635547876358; 364380.77; 1.2624542269840542;2;
 45871.5; 1035.5849100351334; 576438.27; 1.8175725856820117;2;
 62182.5; 1650.309866309166; 781408.34; 1.0588147540167205;2;
 56756.0; 1348.0184547901154; 713216.93; 1.2722046467218129;2;
 43436.0; 795.3523752689362; 545832.87; 1.2144843997351022;2;
 43149.0; 794.3229343891144; 542226.33; 1.2528719495207385;2;
 42458.0; 788.6416975259781; 533542.96; 1.4338835494211237;2;
 36626.5; 738.8843395709991; 460262.17; 1.3254757197664815;2;
 49604.0; 839.9797916412354; 623342.25; 1.124681885194825;2;
 33657.5; 714.0559096336365; 422952.62; 1.2163051944765182;2;
 20782.5; 552.4579319953918; 261160.6; 1.3161865268191437;2;
 38908.5; 749.4284942150116; 488938.63; 1.0605591201303795;2;
 30693.5; 661.5706307888031; 385705.9; 1.1132159936297652;2;
 44267.0; 812.6660821437836; 556275.53; 1.2637955296747747;2;
 2.0; 5.656854152679443; 25.13; 0.0;2;
 43966.0; 821.695520401001; 552493.05; 1.4961373004642622;2;
 35373.5; 730.3990566730499; 444516.51; 1.1612180465584447;2;
 25775.5; 618.8843373060226; 323904.49; 1.2814954102965377;2;
 41901.5; 802.2224314212799; 526549.78; 1.3574227455122516;2;
 22329.0; 651.5289984941483; 280594.49; 1.7232697272938435;2;
 48397.0; 844.8082182407379; 608174.64; 1.062062968227181;2;
 27231.5; 639.997038602829; 342201.12; 1.1290036257629088;2;
 33368.0; 701.1269791126251; 419314.65; 1.2221478040836482;2;
 30958.0; 683.1025940179825; 389029.7; 1.328208811246497;2;
 28243.5; 660.4579323530197; 354918.29; 1.519825414130387;2;
 30671.0; 680.1564182043076; 385423.15; 1.4617324261937197;2;
 17319.5; 529.8893913030624; 217643.26; 1.4346804883077597;2;
 44937.5; 814.2224318981171; 564701.28; 1.1912544911937344;2;
 34230.0; 717.0437171459198; 430146.87; 1.3661999633863449;2;
 49665.0; 944.087434887886; 624108.8; 1.1898074698880794;2;
 29175.5; 663.6538896560669; 366630.15; 1.3387488745865048;2;
 19162.5; 573.9726493358612; 240803.08; 1.671124442423681;2;
 13325.0; 458.7594465017319; 167446.89; 1.6061964842622678;2;
 34435.5; 701.2518674135208; 432729.26; 1.1932385778032677;2;
 43125.5; 780.7077083587646; 541931.02; 1.1169588427639476;2;
 41499.0; 838.1463103294373; 521491.81; 1.2662922832617522;2;
 47135.5; 1165.6925543546677; 592322.16; 1.611083437042418;2;
 42137.5; 786.4234428405762; 529515.44; 1.2978290109818877;2;
 35976.0; 763.4701253175735; 452087.75; 1.4031796913212744;2;
 43364.5; 802.6244556903839; 544934.38; 1.341588638706082;2;
 39249.0; 769.3523724079132; 493217.48; 1.0725342000829896;2;
 64916.5; 994.0214202404022; 815764.8; 1.3447203148447053;2;
 24863.5; 645.879282951355; 312443.96; 1.6742454413431322;2;
 48089.0; 1166.136204957962; 604304.2; 1.3186061306043153;2;
 64477.5; 1789.4814383983612; 810248.16; 1.3724879573285844;2;
 54366.0; 1184.538225889206; 683183.3; 1.4564972204004254;2;
 42448.0; 799.7543964385986; 533417.3; 1.0908598773813327;2;
 31927.0; 689.0681046247482; 401206.51; 1.2241030894873977;2;
 24591.0; 618.4163022041321; 309019.62; 1.6210950025199737;2;
 44664.0; 819.6366450786591; 561264.38; 1.0753905537627062;2;
 41629.0; 783.778781414032; 523125.44; 1.217910579750909;2;
 54441.5; 905.8792858123779; 684132.07; 1.2774836248518722;2;
 49652.5; 1158.2367100715637; 623951.72; 1.2930365304438107;2;
 42349.0; 1034.8569873571396; 532173.23; 1.4252398443253116;2;
 59048.5; 1307.4326689243317; 742025.34; 1.514632694852454;2;
 28440.5; 836.4478260278702; 357393.86; 1.2799091615934057;2;
 31665.0; 702.1564165353775; 397914.13; 1.5221101257617535;2;
 40386.0; 775.3523724079132; 507505.44; 1.2753050060164925;2;
 38583.5; 757.4528796672821; 484854.56; 1.373564288412767;2;
 20221.0; 576.8183225393295; 254104.58; 1.6901603132829135;2;
 42360.5; 801.3696188926697; 532317.74; 1.3264119561104015;2;
 27143.0; 632.215291261673; 341089.0; 1.2212260356254732;2;
 53317.5; 896.1635553836823; 670007.47; 1.3454662261530097;2;
 45959.0; 820.5239456892014; 577537.83; 1.2446588015551718;2;
 39657.0; 784.5828243494034; 498344.56; 1.4783144564997985;2;
 50037.5; 853.938160777092; 628789.77; 1.0828374609207285;2;
 35014.0; 709.1858556270599; 439998.9; 1.1430519879273977;2;
 17675.0; 508.274166226387; 222110.6; 1.182871469317419;2;
 14801.0; 503.1858539581299; 185994.85; 1.515909263667841;2;
 22958.5; 625.3696204423904; 288505.02; 1.3057679554882444;2;
 44303.0; 919.2001321315765; 556727.92; 1.1767762677838935;2;
 40211.0; 850.724956035614; 505306.33; 2.3335356970146184;2;
 36689.5; 772.4478275775909; 461053.85; 1.5406950107030666;2;
 34486.5; 751.6538896560669; 433370.14; 1.3002363575896736;2;
 13061.0; 446.3330409526825; 164129.37; 1.2443309287370252;2;
 48632.5; 964.3889499902725; 611134.02; 2.4320793524403577;2;
 39553.0; 796.0975412130356; 497037.66; 1.8444802417440767;2;
 43742.0; 801.0092293024063; 549678.18; 1.2377612348874394;2;
 50369.0; 1130.7981114387512; 632955.52; 2.3068131278227666;2;
 93718.0; 1188.0529485940933; 1177695.12; 1.2774467456474539;2;
 66871.5; 1526.9717725515366; 840332.05; 1.920048569067093;2;
 49193.0; 1376.7291324138641; 618177.47; 1.2212536065646182;2;
 61323.0; 1265.2489026784897; 770607.55; 1.3824627651639563;2;
 73517.5; 1688.8784062862396; 923848.15; 2.8030771466993665;2;
 47073.0; 1278.6803617477417; 591536.76; 1.2694611985713953;2;
 37456.5; 1337.692554950714; 470692.26; 1.514312283828154;2;
 72890.0; 1463.2976733446121; 915962.75; 1.8985381781687674;2;
 44547.5; 1345.9179502725601; 559800.39; 1.1909990246718047;2;
 63219.5; 1191.2661467790604; 794439.67; 1.3686078923511624;2;
 61992.5; 1332.2610939741135; 779020.73; 1.8590262950600105;2;
 53408.5; 1504.8296364545822; 671151.0; 1.1534876664800697;2;
 42738.5; 865.0752415657043; 537067.83; 1.2224035192770735;2;
 58813.5; 1374.7463755607605; 739072.24; 1.0708243756339018;2;
 21621.5; 575.8549020290375; 271703.78; 1.318886356635371;2;
 28581.0; 662.0386654138565; 359159.44; 1.194672779237351;2;
 36104.0; 753.8132702112198; 453696.24; 1.168915101904849;2;
 35856.0; 726.5828218460083; 450579.78; 1.272671557459401;2;
 18894.5; 565.6295055150986; 237435.29; 1.9834791547481496;2;
 60412.5; 1215.4915434122086; 759165.86; 1.4295900329663567;2;
 35785.0; 1012.6559768915176; 449687.57; 1.1531864009640123;2;
 32078.5; 816.305690407753; 403110.32; 1.2706088925208723;2;
 29773.0; 716.8082175254822; 374138.55; 1.1257522163266171;2;
 50542.5; 876.9087227582932; 635135.79; 1.4880889542111997;2;
 24938.0; 607.6122570037842; 313380.15; 1.086727144920603;2;
 21873.0; 575.7543941736221; 274864.22; 1.259207433946499;2;
 23301.0; 627.7300112247467; 292809.0; 1.025861761285548;2;
 29193.5; 663.9381594657898; 366856.34; 1.2203483512714204;2;
 27558.5; 630.6000673770905; 346310.32; 1.0892484365919584;2;
 31629.0; 680.3818126916885; 397461.74; 1.1250073318387837;2;
 59265.0; 1479.9595793485641; 744745.95; 1.5541182350359428;2;
 27085.5; 632.5411907434464; 340366.43; 1.098615988737347;2;
 42554.5; 949.5849084854126; 534755.62; 1.4099237406015475;2;
 37483.0; 995.2590078115463; 471025.27; 1.391599092248725;2;
 31445.5; 699.9970358610153; 395155.81; 1.0926122608561617;2;
 30463.5; 688.4823167324066; 382815.63; 1.103095904295136;2;
 37496.5; 784.2224342823029; 471194.92; 1.3380856919372286;2;
 37560.0; 843.4600175619125; 471992.88; 1.146266094789042;2;
 30549.5; 667.6295056343079; 383896.34; 1.2471404935019348;2;
 33616.0; 696.5828211307526; 422431.11; 1.2196424612762047;2;
 29361.5; 694.8254619836807; 368967.49; 1.5433892718036668;2;
 62166.5; 1296.9473880529404; 781207.28; 1.9010073618283705;2;
 23641.0; 609.6711368560791; 297081.57; 1.0806688571906862;2;
 27122.5; 639.0264731645584; 340831.39; 1.1637708453449291;2;
 30034.5; 690.3401831388474; 377424.66; 1.6669531371471085;2;
 28595.5; 681.2274836301804; 359341.65; 1.3934251247228824;2;
 65403.5; 1019.2173801660538; 821884.62; 1.2919881048880162;2;
 32924.0; 814.8914779424667; 413735.19; 1.3648368468234877;2;
 47007.5; 868.6488382816315; 590713.67; 1.404894590300454;2;
 37024.5; 824.1046804189682; 465263.59; 1.1556150562529175;2;
 33903.5; 790.8498467206955; 426043.95; 1.144892848044249;2;
 62032.0; 1408.7880059480667; 779517.1; 1.5934326785623172;2;
 27247.0; 744.2640600204468; 342395.9; 1.2748201124096108;2;
 48108.0; 1045.626537680626; 604542.96; 1.4146789562721427;2;
 18308.5; 529.6295068264008; 230071.4; 1.3930528543176033;3;
 15740.5; 499.9482674598694; 197800.96; 1.269954291732234;3;
 8073.5; 370.291411280632; 101454.59; 1.793085993955919;3;
 11252.0; 421.36247873306274; 141396.8; 1.2429298137077749;3;
 12934.0; 453.8477602005005; 162533.44; 1.2542381212398088;3;
 12324.0; 434.81832230091095; 154867.95; 1.358754481942434;3;
 20306.5; 559.9137773513794; 255179.0; 1.3054774399866178;3;
 18272.0; 521.303604722023; 229612.72; 1.4271818984153732;3;
 9176.5; 380.3502870798111; 115315.3; 1.5829218182269589;3;
 13567.0; 450.67618560791016; 170487.95; 1.4064832548264992;3;
 10337.0; 390.1909064054489; 129898.57; 1.0672899654571864;3;
 12816.5; 436.4335460662842; 161056.89; 1.1046899476515348;3;
 10524.0; 405.22034323215485; 132248.48; 1.357783365267626;3;
 11851.0; 416.8183219432831; 148924.06; 1.2758458243150046;3;
 8102.5; 372.20815002918243; 101819.02; 2.104007612084451;3;
 12400.5; 439.5462452173233; 155829.28; 1.6729016766417957;3;
 10090.0; 380.53405225276947; 126794.68; 1.2006510472424945;3;
 9799.0; 394.8771992921829; 123137.87; 1.5239887227452222;3;
 11226.5; 420.35028624534607; 141076.36; 1.724356323407983;3;
 10372.0; 398.8771975040436; 130338.4; 1.367179155551963;3;
 12702.0; 434.9604592323303; 159618.04; 1.4055740855131922;3;
 11065.5; 485.60512030124664; 139053.17; 2.962886925611686;3;
 13571.0; 487.9310187101364; 170538.22; 2.018213667909772;3;
 10774.0; 403.0193318128586; 135390.08; 1.5770808042491697;3;
 15174.0; 479.2447283267975; 190682.11; 1.500980793986306;3;
 12258.0; 459.8477592468262; 154038.57; 1.8658818235404344;3;
 14057.0; 465.3036024570465; 176645.47; 1.353359969811289;3;
 14956.0; 472.475176692009; 187942.64; 1.2108796382965412;3;
 10189.0; 411.8477612733841; 128038.75; 1.841606192159566;3;
 9222.0; 367.8477599620819; 115887.07; 1.1857268342460794;3;
 11690.0; 422.96045768260956; 146900.87; 1.3760733297898942;3;
 16808.5; 502.09039878845215; 211221.84; 1.2480100270031922;3;
 12759.0; 443.36248004436493; 160334.32; 1.417447126785794;3;
 6394.0; 310.79393768310547; 80349.37; 1.1747946394106166;3;
 13449.0; 462.4751762151718; 169005.12; 1.5405822045216817;3;
 6037.0; 308.24978148937225; 75863.18; 1.526807250718604;3;
 15511.0; 477.78888714313507; 194916.97; 1.2069484742798227;3;
 10692.0; 421.5046135187149; 134359.63; 1.495648765368508;3;
 7664.0; 359.705623626709; 96308.66; 1.7912556882747135;3;
 16193.0; 484.5584399700165; 203487.24; 1.1230662520099326;3;
 7357.0; 346.3919174671173; 92450.79; 1.6336727083534823;3;
 9230.0; 375.36247849464417; 115987.6; 1.287182830617213;3;
 10498.5; 413.88939023017883; 131928.04; 1.7074840939316824;3;
 6785.0; 323.90663611888885; 85262.82; 1.4388296019921152;3;
 19490.0; 573.8721451759338; 244918.56; 1.8532183718878608;3;
 14173.0; 462.4751788377762; 178103.17; 1.4504725497781954;3;
 8750.5; 359.46298372745514; 109962.03; 1.2808568019182454;3;
 10204.5; 387.2619729042053; 128233.53; 1.2665396553111157;3;
 14019.5; 455.26197350025177; 176174.23; 1.025146247357978;3;
 4885.0; 268.9949471950531; 61386.72; 1.0360131707095501;3;
 6179.0; 309.42135298252106; 77647.6; 1.3255289519139657;3;
 11229.0; 414.8183215856552; 141107.78; 1.4263409274790166;3;
 8767.0; 366.3919166326523; 110169.37; 1.382444723137578;3;
 15776.0; 473.78888463974; 198247.06; 1.2015279787201978;3;
 12078.0; 434.96045792102814; 151776.62; 1.2600938288343277;3;
 13265.0; 446.6761873960495; 166692.91; 1.2718287976692473;3;
 13054.0; 439.1614685058594; 164041.4; 1.217027621514668;3;
 26357.5; 621.9726498126984; 331218.11; 1.1525317470344485;3;
 12294.0; 435.6467492580414; 154490.96; 1.3054076627947315;3;
 12689.0; 445.5046135187149; 159454.68; 1.3060402882771602;3;
 11708.0; 411.8477600812912; 147127.07; 1.0860377010539939;3;
 9045.0; 382.6761872768402; 113662.82; 1.6818489497745337;3;
 9450.0; 373.22034335136414; 118752.2; 1.1241995338210689;3;
 6663.0; 314.10764515399933; 83729.73; 1.0472638948158086;3;
 16724.0; 491.9310213327408; 210159.98; 1.2646168091273902;3;
 11152.0; 407.1614673137665; 140140.17; 1.3833830389461612;3;
 7820.0; 344.93607330322266; 98269.02; 1.355582383508162;3;
 8540.0; 358.8771986961365; 107316.81; 1.2062474002925712;3;
 13295.0; 439.8477592468262; 167069.9; 1.345051014706079;3;
 8545.5; 356.8355666399002; 107385.92; 1.2440404888221515;3;
 12888.0; 449.7888845205307; 161955.38; 1.2947698678338284;3;
 8347.0; 345.42135286331177; 104891.5; 1.072863819336982;3;
 7727.5; 337.806129693985; 97106.63; 1.2859249077528636;3;
 14607.0; 463.16146767139435; 183556.98; 1.2814871351214001;3;
 6772.0; 319.42135322093964; 85099.46; 1.1906574688215679;3;
 20774.0; 552.8183214664459; 261053.78; 1.3489873753470603;3;
 11923.0; 421.0193336009979; 149828.84; 1.108346371717921;3;
 17016.5; 501.00209069252014; 213835.65; 1.0283669918291576;3;
 7555.5; 338.7766923904419; 94945.21; 1.362447662904952;3;
 8001.0; 340.93607330322266; 100543.53; 1.2932890278665536;3;
 14652.5; 463.7472550868988; 184128.75; 1.2769668539211647;3;
 15754.0; 482.96045792102814; 197970.6; 1.2154646625851;3;
 7854.5; 341.52185821533203; 98702.56; 1.06508582218464;3;
 9923.5; 399.06096255779266; 124702.38; 1.5915183732927416;3;
 15315.0; 469.3036037683487; 192453.97; 1.224462259982376;3;
 3030.5; 212.2670259475708; 38082.39; 1.3031754439553462;3;
 13814.0; 456.8183214664459; 173591.84; 1.2931182526243843;3;
 6353.0; 305.4213545322418; 79834.15; 1.1610229150321305;3;
 6361.5; 306.20815122127533; 79940.97; 1.270784611429357;3;
 17211.0; 500.9604572057724; 216279.8; 1.311291293203189;3;
 6871.0; 338.10764586925507; 86343.53; 1.7945949428256267;3;
 9302.0; 370.3919163942337; 116892.38; 1.4270418336616775;3;
 5575.0; 296.45079016685486; 70057.52; 1.375491445180437;3;
 13025.0; 441.5878748893738; 163676.98; 1.1989592829867441;3;
 17815.0; 502.81832015514374; 223869.89; 1.1168079083408808;3;
 15612.0; 476.3330419063568; 196186.18; 1.1287771865154472;3;
 17872.0; 510.27416586875916; 224586.18; 1.2538489671174187;3;
 16512.0; 501.30360424518585; 207495.91; 1.265877459098021;3;
 9977.0; 396.5340517759323; 125374.68; 1.3968141598406227;3;
 14556.0; 458.1909067630768; 182916.09; 1.07042018114519;3;
 15422.5; 482.031525850296; 193804.85; 1.265575250815797;3;
 13565.0; 470.2741652727127; 170462.82; 1.6945092668524049;3;
 9207.0; 372.8183230161667; 115698.57; 1.3416104982747215;3;
 10526.0; 394.19090592861176; 132273.62; 1.1390866988800512;3;
 6379.0; 320.2497807741165; 80160.88; 1.6071748937590742;3;
 14045.0; 463.36248004436493; 176494.68; 1.4175322957930832;3;
 14136.5; 458.09040117263794; 177644.5; 1.3643955133388292;3;
 18589.0; 514.9604569673538; 233596.26; 1.1821057601358977;3;
 8175.0; 362.1909062862396; 102730.08; 1.5825623045344048;3;
 9037.0; 380.73506247997284; 113562.29; 1.4474653051813773;3;
 6973.0; 324.2497812509537; 87625.3; 1.319561838149158;3;
 16427.5; 512.7178173065186; 206434.05; 1.3217325062422027;3;
 9517.0; 373.9066345691681; 119594.15; 1.2672397664913024;3;
 7716.0; 332.0487711429596; 96962.12; 1.1154827324861785;3;
 15329.0; 486.7594460248947; 192629.9; 1.3707222741933232;3;
 13057.0; 471.3624782562256; 164079.1; 1.9682513516970377;3;
 10790.0; 417.36247885227203; 135591.14; 1.662236501734182;3;
 5672.5; 291.1787133216858; 71282.74; 1.3824978914948074;3;
 7233.5; 327.86500465869904; 90898.84; 1.1851950661467265;3;
 8376.0; 352.93607199192047; 105255.92; 1.3182174396890698;3;
 9784.5; 380.8355675935745; 122955.65; 1.173261934659973;3;
 6763.0; 311.96550965309143; 84986.36; 1.102663544071082;3;
 6917.0; 315.7645000219345; 86921.59; 1.0413378141723817;3;
 7468.0; 336.24978053569794; 93845.66; 1.1496137005860954;3;
 13350.0; 457.303603887558; 167761.05; 1.4890667974683471;3;
 7957.0; 335.0782083272934; 99990.61; 1.0622054090890314;3;
 11072.0; 401.98989474773407; 139134.86; 1.2035182446200818;3;
 15917.0; 495.8477603197098; 200018.92; 1.371625018050022;3;
 14992.5; 468.7178169488907; 188401.31; 1.1860277959028687;3;
 13188.0; 446.1909064054489; 165725.3; 1.1556011651776095;3;
 11172.0; 419.36247992515564; 140391.49; 1.4888294127896846;3;
 13501.5; 472.4335469007492; 169664.85; 1.6020901216829897;3;
 11452.0; 414.8771971464157; 143910.08; 1.1275503225374879;3;
 18545.0; 525.3868659734726; 233043.34; 1.1338390017900721;3;
 13331.0; 458.67618584632874; 167522.29; 1.445030574786495;3;
 8372.5; 359.26197361946106; 105211.94; 1.3787379275401397;3;
 13496.0; 450.39191710948944; 169595.74; 1.416174353136224;3;
 18416.0; 519.445739030838; 231422.28; 1.2872091399613976;3;
 2.0; 5.656854152679443; 25.13; 0.0;3;
 17.0; 17.313708186149597; 213.63; 1.792375605057233;3;
 2.0; 5.656854152679443; 25.13; 0.0;3;
 9241.0; 404.13202929496765; 116125.83; 1.8024535147018124;3;
 4.0; 7.656854152679443; 50.27; 1.0;3;
 9202.0; 370.3919155597687; 115635.74; 1.2392396999209943;3;
 22944.0; 579.1858538389206; 288322.81; 1.1402376791853928;3;
 16831.0; 683.1858532428741; 211504.58; 1.8685851293945253;3;
 9752.0; 376.8183230161667; 122547.25; 1.1590232831111882;3;
 8284.0; 354.5929266214371; 104099.81; 1.1749090985884545;3;
 16178.0; 499.2447278499603; 203298.74; 1.1609811281711944;3;
 18439.5; 530.5168076753616; 231717.59; 1.2638921456058083;3;
 9945.0; 396.0487701892853; 124972.56; 1.456723629141109;3;
 12688.0; 433.5046133995056; 159442.11; 1.2884707909978481;3;
 7656.0; 350.3919186592102; 96208.13; 1.5872855972810396;3;
 6806.0; 324.651801943779; 85526.72; 1.1082857745710464;3;
 9965.0; 393.0193336009979; 125223.88; 1.4046299544245606;3;
 12379.0; 432.5340518951416; 155559.1; 1.025062290261053;3;
 10667.0; 397.5046138763428; 134045.48; 1.2959317663723657;3;
 12046.0; 421.50461399555206; 151374.5; 1.0634223308187098;3;
 14372.0; 464.04877054691315; 180603.88; 1.119652633087942;3;
 18562.0; 533.1025935411453; 233256.97; 1.4857942756335154;3;
 14428.0; 473.70562422275543; 181307.6; 1.2313091535926948;3;
 17913.5; 518.173663020134; 225107.68; 1.103071060530438;3;
 10636.5; 402.0904015302658; 133662.2; 1.2860130638918092;3;
 7782.5; 347.6639950275421; 97797.78; 1.5133084252633382;3;
 15869.0; 486.1320301294327; 199415.74; 1.2324718673829012;3;
 8222.0; 355.2792179584503; 103320.7; 1.531042673288365;3;
 10114.0; 385.0193327665329; 127096.27; 1.1779766361362474;3;
 10916.0; 409.4213545322418; 137174.5; 1.5949277558613746;3;
 6483.0; 308.73506212234497; 81467.78; 1.2893760289270473;3;
 6057.0; 301.62236416339874; 76114.51; 1.4750310079064413;3;
 11020.0; 406.1909054517746; 138481.4; 1.1039086917543852;3;
 6173.0; 301.4213539361954; 77572.21; 1.4351674440310025;3;
 16043.5; 480.91882848739624; 201608.57; 1.1542574762139444;3;
 6423.0; 319.90663480758667; 80713.8; 1.466697276217942;3;
 7025.0; 327.0782082080841; 88278.75; 1.505378361195141;3;
 6420.5; 311.8650047779083; 80682.38; 1.1557028274969592;3;
 9622.0; 384.8183249235153; 120913.62; 1.6515549579982107;3;
 7189.0; 328.6518018245697; 90339.64; 1.4536956954228875;3;
 11585.0; 406.87719762325287; 145581.4; 1.1293608670666075;3;
 7498.0; 338.9360725879669; 94222.65; 1.424347532359629;3;
 6470.0; 305.6223632097244; 81304.42; 1.2810329613225528;3;
 8144.0; 347.7644991874695; 102340.52; 1.218647780188742;3;
 8266.5; 347.6639941930771; 103879.9; 1.306825108179251;3;
 7560.0; 340.24978160858154; 95001.76; 1.4782594889756133;3;
 14409.0; 455.8477599620819; 181068.83; 1.2861934381277011;3;
 7592.0; 334.5929273366928; 95403.89; 1.1167013794526799;3;
 14257.5; 458.29141092300415; 179165.03; 1.3517993040550509;3;
 7370.0; 332.0487707853317; 92614.15; 1.3769689193383159;3;
 7955.0; 339.27921962738037; 99965.48; 1.0984436758120435;3;
 7034.0; 332.7939375638962; 88391.85; 1.273573633242275;3;
 8204.0; 364.73506140708923; 103094.5; 1.4057219137954255;3;
 13868.0; 455.36247873306274; 174270.43; 1.4144713516441307;3;
 10557.0; 412.81832325458527; 132663.17; 1.3789059984643048;3;
 14490.0; 471.44573879241943; 182086.71; 1.5343138486314936;3;
 11379.0; 417.5046159029007; 142992.73; 1.392722136627669;3;
 11125.0; 412.0487701892853; 139800.87; 1.5250263602801615;3;
 6449.5; 315.03657817840576; 81046.81; 1.3342159659653168;3;
 9694.5; 385.1198377609253; 121824.68; 1.4670149946303144;3;
 11166.0; 424.2497810125351; 140316.09; 1.5626789867168518;3;
 18414.0; 530.676186800003; 231397.15; 1.1205465303957887;3;
 9113.0; 373.906636595726; 114517.34; 1.4403400913001352;3;
 5643.0; 285.6223638057709; 70912.03; 1.336596892982487;3;
 14433.0; 526.3919163942337; 181370.43; 2.5849786524287897;3;
 11574.0; 419.84775936603546; 145443.17; 1.2171067888083589;3;
 9467.0; 383.0782082080841; 118965.83; 1.6064862457975708;3;
 16186.5; 537.6883798837662; 203405.56; 1.9899012594459187;3;
 9906.0; 409.01933324337006; 124482.47; 1.3981194854757448;3;
 12478.0; 433.70562505722046; 156803.17; 1.4333638063407994;3;
 11617.0; 409.705623626709; 145983.53; 1.1344797836482883;3;
 17636.0; 512.1320313215256; 221620.51; 1.358606704796385;3;
 12989.0; 433.220342874527; 163224.59; 1.150442890852995;3;
 19783.0; 552.9848433732986; 248600.51; 1.4456536096976125;3;
 16431.5; 492.9188277721405; 206484.32; 1.2789615628140247;3;
 14391.0; 466.67618787288666; 180842.64; 1.4819834980496236;3;
 19091.5; 525.2030979394913; 239910.86; 1.233323018429507;3;
 8219.0; 343.7645001411438; 103283.0; 1.0918164134721813;3;
 11405.0; 418.6761876344681; 143319.46; 1.5172991656818913;3;
 15379.5; 477.8893904685974; 193264.5; 1.1660753692033063;3;
 7570.0; 341.9066344499588; 95127.43; 1.5007093214237204;3;
 22433.0; 579.9310203790665; 281901.39; 1.4074273491492362;3;
 13144.0; 450.19090616703033; 165172.38; 1.4903335032001876;3;
